{
    "title": "123",
    "description": "special characterss and numbers",
    "cols": 10,
    "rows": 4,
    "normal_1": [
        ["1", "1", "1", 1],
        ["2", "2", "2", 1],
        ["3", "3", "3", 1],
        ["4", "4", "4", 1],
        ["5", "5", "5", 1],
        ["6", "6", "6", 1],
        ["7", "7", "7", 1],
        ["8", "8", "8", 1],
        ["9", "9", "9", 1],
        ["0", "0", "0", 1]
    ],
    "normal_2": [
        ["-", "-", "-", 1],
        ["/", "/", "/", 1],
        [":", ":", ":", 1],
        [";", ";", ";", 1],
        ["(", "(", "(", 1],
        [")", ")", ")", 1],
        ["$", "$", "$", 1],
        ["&", "&", "&", 1],
        ["@", "@", "@", 1],
        ["\"", "\"", "\"", 1]
    ],
    "normal_3": [
        ["#+=", null, "capslock", 2],
        [".", ".", ".", 1],
        [",", ",", ",", 1],
        ["?", "?", "?", 1],
        ["!", "!", "!", 1],
        ["'", "'", "'", 1],
        ["\u232b", null, "backspace", 3]
    ],
    "normal_4": [
        ["space", " ", "space", 7],
        ["abc", null, "toggle", 3]
    ],
    "shift_1": [
        ["[", "[", "[", 1],
        ["]", "]", "]", 1],
        ["#", "#", "#", 1],
        ["%", "%", "%", 1],
        ["^", "^", "^", 1],
        ["*", "*", "*", 1],
        ["+", "+", "+", 1],
        ["=", "=", "=", 1],
        ["{", "{", "{", 1],
        ["}", "}", "}", 1]
    ],
    "shift_2": [
        ["_", "_", "_", 1],
        ["\\", "\\", "\\", 1],
        ["|", "|", "|", 1],
        ["~", "~", "~", 1],
        ["<", "<", "<", 1],
        [">", ">", ">", 1],
        ["€", "€", "€", 1],
        ["£", "£", "£", 1],
        ["¥", "¥", "¥", 1],
        ["°", "°", "°", 1]
    ],
    "shift_3": [
        ["123", null, "capslock", 2],
        [".", ".", ".", 1],
        [",", ",", ",", 1],
        ["?", "?", "?", 1],
        ["!", "!", "!", 1],
        ["'", "'", "'", 1],
        ["\u232b", null, "backspace", 3]
    ],
    "shift_4": [
        ["space", " ", "space", 7],
        ["abc", null, "toggle", 3]
    ]
}
