{
    "_comment": "[ <text displayed on the keyboard>, <text to put when the key is pressed>, <text that represents the keycode>, <size of cols> ]",
    "title": "RoboLCD",
    "description": "Keyboard to be used with the robolcd screen",
    "cols": 10,
    "rows": 4,
    "normal_1": [
        ["q", "q", "q", 1],
        ["w", "w", "w", 1],
        ["e", "e", "e", 1],
        ["r", "r", "r", 1],
        ["t", "t", "t", 1],
        ["y", "y", "y", 1],
        ["u", "u", "u", 1],
        ["i", "i", "i", 1],
        ["o", "o", "o", 1],
        ["p", "p", "p", 1]
    ],
    "normal_2": [
        ["a", "a", "a", 1],
        ["s", "s", "s", 1],
        ["d", "d", "d", 1],
        ["f", "f", "f", 1],
        ["g", "g", "g", 1],
        ["h", "h", "h", 1],
        ["j", "j", "j", 1],
        ["k", "k", "k", 1],
        ["l", "l", "l", 1],
        ["_" ,"_", "_", 1]
    ],
    "normal_3": [
        ["\u21ea", null, "capslock", 1.5],
        ["z", "z", "z", 1],
        ["x", "x", "x", 1],
        ["c", "c", "c", 1],
        ["v", "v", "v", 1],
        ["b", "b", "b", 1],
        ["n", "n", "n", 1],
        ["m", "m", "m", 1],
        ["\u232b", null, "backspace", 1.5]
    ],
    "normal_4": [
        ["space", " ", "space", 7],
        ["123#+=", null, "toggle", 3]
    ],
    "shift_1": [
        ["Q", "Q", "q", 1],
        ["W", "W", "w", 1],
        ["E", "E", "e", 1],
        ["R", "R", "r", 1],
        ["T", "T", "t", 1],
        ["Y", "Y", "y", 1],
        ["U", "U", "u", 1],
        ["I", "I", "i", 1],
        ["O", "O", "o", 1],
        ["P", "P", "p", 1]
    ],
    "shift_2": [
        ["A", "A", "a", 1],
        ["S", "S", "s", 1],
        ["D", "D", "d", 1],
        ["F", "F", "f", 1],
        ["G", "G", "g", 1],
        ["H", "H", "h", 1],
        ["J", "J", "j", 1],
        ["K", "K", "k", 1],
        ["L", "L", "l", 1],
        ["_" ,"_", "_", 1]
    ],
    "shift_3": [
        ["\u21ea", null, "capslock", 1.5],
        ["Z", "Z", "z", 1],
        ["X", "X", "x", 1],
        ["C", "C", "c", 1],
        ["V", "V", "v", 1],
        ["B", "B", "b", 1],
        ["N", "N", "n", 1],
        ["M", "M", "m", 1],
        ["\u232b", null, "backspace", 1.5]
    ],
    "shift_4": [
        ["space", " ", "space", 7],
        ["123#+=", null, "toggle", 3]
    ]
}
